<?xml version="1.0" encoding="utf-8"?>
<ArrayOfTempObject xmlns:xsi="http://www.w3.org/2001/XMLSchema-instance" xmlns:xsd="http://www.w3.org/2001/XMLSchema">
  <TempObject>
    <TEMP>57.6</TEMP>
    <TIME>01:57:35</TIME>
    <HUMITIDY>26.53</HUMITIDY>
  </TempObject>
  <TempObject>
    <TEMP>57.6</TEMP>
    <TIME>01:57:36</TIME>
    <HUMITIDY>23.79</HUMITIDY>
  </TempObject>
  <TempObject>
    <TEMP>57.53</TEMP>
    <TIME>01:57:38</TIME>
    <HUMITIDY>21.48</HUMITIDY>
  </TempObject>
  <TempObject>
    <TEMP>57.02</TEMP>
    <TIME>01:57:39</TIME>
    <HUMITIDY>19.73</HUMITIDY>
  </TempObject>
  <TempObject>
    <TEMP>56.29</TEMP>
    <TIME>01:57:41</TIME>
    <HUMITIDY>18.3</HUMITIDY>
  </TempObject>
  <TempObject>
    <TEMP>55.81</TEMP>
    <TIME>01:57:42</TIME>
    <HUMITIDY>17.16</HUMITIDY>
  </TempObject>
  <TempObject>
    <TEMP>55.48</TEMP>
    <TIME>01:57:44</TIME>
    <HUMITIDY>16.19</HUMITIDY>
  </TempObject>
  <TempObject>
    <TEMP>55.47</TEMP>
    <TIME>01:57:45</TIME>
    <HUMITIDY>15.39</HUMITIDY>
  </TempObject>
  <TempObject>
    <TEMP>55.83</TEMP>
    <TIME>01:57:47</TIME>
    <HUMITIDY>14.77</HUMITIDY>
  </TempObject>
  <TempObject>
    <TEMP>56.27</TEMP>
    <TIME>01:57:48</TIME>
    <HUMITIDY>14.13</HUMITIDY>
  </TempObject>
  <TempObject>
    <TEMP>56.47</TEMP>
    <TIME>01:57:50</TIME>
    <HUMITIDY>13.63</HUMITIDY>
  </TempObject>
  <TempObject>
    <TEMP>56.02</TEMP>
    <TIME>01:57:51</TIME>
    <HUMITIDY>13.62</HUMITIDY>
  </TempObject>
  <TempObject>
    <TEMP>54.41</TEMP>
    <TIME>01:57:52</TIME>
    <HUMITIDY>14.85</HUMITIDY>
  </TempObject>
  <TempObject>
    <TEMP>53.46</TEMP>
    <TIME>01:57:54</TIME>
    <HUMITIDY>15.43</HUMITIDY>
  </TempObject>
  <TempObject>
    <TEMP>52.93</TEMP>
    <TIME>01:57:55</TIME>
    <HUMITIDY>15.77</HUMITIDY>
  </TempObject>
</ArrayOfTempObject>